Query,Expected,Predicted,LevenshtienSimilarity
What are the two main categories of public capital works projects mentioned in the manual?,"The two main categories of public capital works projects are Civil Engineering Works and Building Works. Civil engineering works include roads, tunnels, and bridges, typically designed by civil engineers. Building works include office buildings, schools, and hospitals, generally designed by architects.","The two main categories of public capital works projects mentioned in the manual are Civil Engineering Works and Building Works.

This answer was generated using the text references on page(s): 16",0.1558612050566046
What are Delay Events and Compensation Events in the context of the new public works contracts?,"Delay Events are events that are not at the contractor’s risk and, if they occur, entitle the contractor to an extension of time. Compensation Events similarly are not at the contractor’s risk and entitle the contractor to additional payment for the cost impact. These are explicitly listed in the contract schedule to minimize disputes and improve clarity.","Delay events refer to instances when work on a project is delayed beyond the expected timeline, while compensation events occur when the contractor faces additional costs or time extensions due to unforeseen circumstances not within their control. In the context of new public works contracts, these terms are used to describe how delays and additional expenses are handled during the course of a construction project. The table provided shows the different types of delay and compensation events for three contract models: Traditional Contract, Design & Build Contract, and Minor Works Contract.

This answer was generated using the text references on page(s): 22, 36, 194, 186, 195, 195, 208, 216, 216, 40, 42

This answer was generated using the image references on page(s): 41",0.33982044099691155
What are the key structural components of the new Public Works Contracts?,"The structure includes: 1. Letter of Acceptance 2. Agreement 3. Contract Conditions (13 sections including management, payment, disputes, etc.) 4. The Schedule (Parts 1 and 2) 5. Works Requirements 6. Pricing Document 7. Works Proposals 8. Suite of Model Forms (e.g., tender, bonds, letters, appointments).","The key structural components of the new public works contracts include a Letter of Acceptance, the Agreement between the Employer and the Contractor, Contract Conditions, and the Schedule. These elements govern building or civil engineering works, regardless of whether they are traditional or design and build projects. The contract sum is specified in these agreements, with lump-sum pricing being the norm. There are no provisional sums or quantities, and the contractor is responsible for designing the project through specialists. Health and safety regulations are incorporated into the forms, and provisions exist for management of the works, value engineering, communications, meetings, collateral warranties, allocation of risks, program contingency, termination of contracts, exclusive remedies, and dispute resolution through conciliation and arbitration.

This answer was generated using the text references on page(s): 24, 26",0.4329395545847726
What is the purpose of Programme Contingency in the new contracts?,Programme Contingency is a specified delay period built into the contract schedule and sum to account for events entitling the contractor to extensions and compensation. It provides financial and scheduling buffer for such foreseeable risks and enhances cost predictability.,"The provided information does not mention anything about a ""Programme Contingency."" Please provide more details or context for me to answer your question.",0.3237187103800442
Under what circumstances can a Contracting Authority allocate the risk of unforeseeable ground conditions to the contractor?,"A Contracting Authority can allocate this risk if a thorough site investigation has been conducted, providing sufficient and accurate information in the tender documents. The aim is to allow contractors to assess and price the risk effectively. Otherwise, the risk should remain with the employer.","A Contracting Authority can allocate the risk of unforeseeable ground conditions to the Contractor under certain circumstances. This typically occurs when there is an extensive site investigation, and the Engineer considers that the ground conditions are likely to be encountered with a degree of certainty. In such cases, the decision is made for the Contractor to have responsibility for these unforeseeable ground conditions. It's important to note that this allocation is based on the availability of sufficient site investigation information, allowing the contractors to assess and price the risk appropriately.

This answer was generated using the text references on page(s): 43, 44, 31, 260",0.3244406824965961
